{"files": null, "kind": "select", "status": "ok", "elapsed": 0.30011415481567383, "jobid": "09b3cf80-5244-4593-b09a-26d967b82690", "data": "[{\"ID\":403835094,\"RUN\":\"20110915200000_DES2219-4147\",\"BAND\":null,\"TILENAME\":\"DES2219-4147\",\"IMAGENAME\":\"DES2219-4147_det.fits\",\"RADECEQUIN\":0.0,\"HTMID\":0,\"CX\":0.6751117804,\"CY\":-0.3161622486,\"CZ\":-0.6665324572,\"WCSTYPE\":null,\"WCSDIM\":0,\"EQUINOX\":2000.0,\"CTYPE1\":\"RA---TAN\",\"CTYPE2\":\"DEC--TAN\",\"CUNIT1\":\"deg\",\"CUNIT2\":\"deg\",\"CRVAL1\":334.905792,\"CRVAL2\":-41.799999,\"CRPIX1\":5000.5,\"CRPIX2\":5000.5,\"CD1_1\":-0.000075,\"CD2_1\":0.0,\"CD1_2\":0.0,\"CD2_2\":0.000075,\"NAXIS1\":10000,\"NAXIS2\":10000,\"NEXTEND\":0,\"ELLIPTICITY\":0.0,\"PROJECT\":\"DES\",\"RA\":334.90584,\"DEC\":-41.80004,\"COADD_TYPE\":\"coadd_det\",\"COMBINET\":\"CHI-MEAN\",\"GAIN\":0.0,\"SATURATE\":54631.76953125,\"EXPTIME\":2576.0,\"SEXMGZPT\":0.0,\"PSF_FWHM\":0.0,\"PSF_BETA\":0.0,\"FWHMHOMO\":0},{\"ID\":403835220,\"RUN\":\"20110915200000_DES2215-4230\",\"BAND\":\"Y\",\"TILENAME\":\"DES2215-4230\",\"IMAGENAME\":\"DES2215-4230_Y.fits\",\"RADECEQUIN\":0.0,\"HTMID\":0,\"CX\":0.6614570189,\"CY\":-0.3252117871,\"CZ\":-0.6758046357,\"WCSTYPE\":null,\"WCSDIM\":0,\"EQUINOX\":2000.0,\"CTYPE1\":\"RA---TAN\",\"CTYPE2\":\"DEC--TAN\",\"CUNIT1\":\"deg\",\"CUNIT2\":\"deg\",\"CRVAL1\":333.818512,\"CRVAL2\":-42.516666,\"CRPIX1\":5000.5,\"CRPIX2\":5000.5,\"CD1_1\":-0.000075,\"CD2_1\":0.0,\"CD1_2\":0.0,\"CD2_2\":0.000075,\"NAXIS1\":10000,\"NAXIS2\":10000,\"NEXTEND\":0,\"ELLIPTICITY\":0.0,\"PROJECT\":\"DES\",\"RA\":333.81856,\"DEC\":-42.5167,\"COADD_TYPE\":\"coadd\",\"COMBINET\":\"WEIGHTED\",\"GAIN\":0.0,\"SATURATE\":57564.1015625,\"EXPTIME\":480.0,\"SEXMGZPT\":29.4359798431,\"PSF_FWHM\":3.1914999485,\"PSF_BETA\":3.5,\"FWHMHOMO\":1},{\"ID\":403835221,\"RUN\":\"20110915200000_DES2215-4230\",\"BAND\":\"g\",\"TILENAME\":\"DES2215-4230\",\"IMAGENAME\":\"DES2215-4230_g.fits\",\"RADECEQUIN\":0.0,\"HTMID\":0,\"CX\":0.6614570189,\"CY\":-0.3252117871,\"CZ\":-0.6758046357,\"WCSTYPE\":null,\"WCSDIM\":0,\"EQUINOX\":2000.0,\"CTYPE1\":\"RA---TAN\",\"CTYPE2\":\"DEC--TAN\",\"CUNIT1\":\"deg\",\"CUNIT2\":\"deg\",\"CRVAL1\":333.818512,\"CRVAL2\":-42.516666,\"CRPIX1\":5000.5,\"CRPIX2\":5000.5,\"CD1_1\":-0.000075,\"CD2_1\":0.0,\"CD1_2\":0.0,\"CD2_2\":0.000075,\"NAXIS1\":10000,\"NAXIS2\":10000,\"NEXTEND\":0,\"ELLIPTICITY\":0.0,\"PROJECT\":\"DES\",\"RA\":333.81856,\"DEC\":-42.5167,\"COADD_TYPE\":\"coadd\",\"COMBINET\":\"WEIGHTED\",\"GAIN\":0.0,\"SATURATE\":57771.109375,\"EXPTIME\":1472.0,\"SEXMGZPT\":30.8407497406,\"PSF_FWHM\":3.7099699974,\"PSF_BETA\":3.5,\"FWHMHOMO\":1},{\"ID\":403835222,\"RUN\":\"20110915200000_DES2215-4230\",\"BAND\":\"i\",\"TILENAME\":\"DES2215-4230\",\"IMAGENAME\":\"DES2215-4230_i.fits\",\"RADECEQUIN\":0.0,\"HTMID\":0,\"CX\":0.6614570189,\"CY\":-0.3252117871,\"CZ\":-0.6758046357,\"WCSTYPE\":null,\"WCSDIM\":0,\"EQUINOX\":2000.0,\"CTYPE1\":\"RA---TAN\",\"CTYPE2\":\"DEC--TAN\",\"CUNIT1\":\"deg\",\"CUNIT2\":\"deg\",\"CRVAL1\":333.818512,\"CRVAL2\":-42.516666,\"CRPIX1\":5000.5,\"CRPIX2\":5000.5,\"CD1_1\":-0.000075,\"CD2_1\":0.0,\"CD1_2\":0.0,\"CD2_2\":0.000075,\"NAXIS1\":10000,\"NAXIS2\":10000,\"NEXTEND\":0,\"ELLIPTICITY\":0.0,\"PROJECT\":\"DES\",\"RA\":333.81856,\"DEC\":-42.5167,\"COADD_TYPE\":\"coadd\",\"COMBINET\":\"WEIGHTED\",\"GAIN\":0.0,\"SATURATE\":59403.62109375,\"EXPTIME\":1472.0,\"SEXMGZPT\":30.8179397583,\"PSF_FWHM\":3.347520113,\"PSF_BETA\":3.5,\"FWHMHOMO\":1},{\"ID\":403835223,\"RUN\":\"20110915200000_DES2215-4230\",\"BAND\":\"r\",\"TILENAME\":\"DES2215-4230\",\"IMAGENAME\":\"DES2215-4230_r.fits\",\"RADECEQUIN\":0.0,\"HTMID\":0,\"CX\":0.6614570189,\"CY\":-0.3252117871,\"CZ\":-0.6758046357,\"WCSTYPE\":null,\"WCSDIM\":0,\"EQUINOX\":2000.0,\"CTYPE1\":\"RA---TAN\",\"CTYPE2\":\"DEC--TAN\",\"CUNIT1\":\"deg\",\"CUNIT2\":\"deg\",\"CRVAL1\":333.818512,\"CRVAL2\":-42.516666,\"CRPIX1\":5000.5,\"CRPIX2\":5000.5,\"CD1_1\":-0.000075,\"CD2_1\":0.0,\"CD1_2\":0.0,\"CD2_2\":0.000075,\"NAXIS1\":10000,\"NAXIS2\":10000,\"NEXTEND\":0,\"ELLIPTICITY\":0.0,\"PROJECT\":\"DES\",\"RA\":333.81856,\"DEC\":-42.5167,\"COADD_TYPE\":\"coadd\",\"COMBINET\":\"WEIGHTED\",\"GAIN\":0.0,\"SATURATE\":60178.75,\"EXPTIME\":1472.0,\"SEXMGZPT\":30.8373508453,\"PSF_FWHM\":3.5069000721,\"PSF_BETA\":3.5,\"FWHMHOMO\":1},{\"ID\":403835224,\"RUN\":\"20110915200000_DES2215-4230\",\"BAND\":\"z\",\"TILENAME\":\"DES2215-4230\",\"IMAGENAME\":\"DES2215-4230_z.fits\",\"RADECEQUIN\":0.0,\"HTMID\":0,\"CX\":0.6614570189,\"CY\":-0.3252117871,\"CZ\":-0.6758046357,\"WCSTYPE\":null,\"WCSDIM\":0,\"EQUINOX\":2000.0,\"CTYPE1\":\"RA---TAN\",\"CTYPE2\":\"DEC--TAN\",\"CUNIT1\":\"deg\",\"CUNIT2\":\"deg\",\"CRVAL1\":333.818512,\"CRVAL2\":-42.516666,\"CRPIX1\":5000.5,\"CRPIX2\":5000.5,\"CD1_1\":-0.000075,\"CD2_1\":0.0,\"CD1_2\":0.0,\"CD2_2\":0.000075,\"NAXIS1\":10000,\"NAXIS2\":10000,\"NEXTEND\":0,\"ELLIPTICITY\":0.0,\"PROJECT\":\"DES\",\"RA\":333.81856,\"DEC\":-42.5167,\"COADD_TYPE\":\"coadd\",\"COMBINET\":\"WEIGHTED\",\"GAIN\":0.0,\"SATURATE\":59593.6640625,\"EXPTIME\":1472.0,\"SEXMGZPT\":30.6413002014,\"PSF_FWHM\":3.227230072,\"PSF_BETA\":3.5,\"FWHMHOMO\":1},{\"ID\":404214650,\"RUN\":\"20110920120110_DES2227-4147\",\"BAND\":null,\"TILENAME\":\"DES2227-4147\",\"IMAGENAME\":\"DES2227-4147_det.fits\",\"RADECEQUIN\":0.0,\"HTMID\":0,\"CX\":0.6853392948,\"CY\":-0.2933334867,\"CZ\":-0.6665324572,\"WCSTYPE\":null,\"WCSDIM\":0,\"EQUINOX\":2000.0,\"CTYPE1\":\"RA---TAN\",\"CTYPE2\":\"DEC--TAN\",\"CUNIT1\":\"deg\",\"CUNIT2\":\"deg\",\"CRVAL1\":336.828491,\"CRVAL2\":-41.799999,\"CRPIX1\":5000.5,\"CRPIX2\":5000.5,\"CD1_1\":-0.000075,\"CD2_1\":0.0,\"CD1_2\":0.0,\"CD2_2\":0.000075,\"NAXIS1\":10000,\"NAXIS2\":10000,\"NEXTEND\":0,\"ELLIPTICITY\":0.0,\"PROJECT\":\"DES\",\"RA\":336.82854,\"DEC\":-41.80004,\"COADD_TYPE\":\"coadd_det\",\"COMBINET\":\"CHI-MEAN\",\"GAIN\":0.0,\"SATURATE\":58117.921875,\"EXPTIME\":2576.0,\"SEXMGZPT\":0.0,\"PSF_FWHM\":0.0,\"PSF_BETA\":0.0,\"FWHMHOMO\":0},{\"ID\":404268239,\"RUN\":\"20110920120110_DES2217-4440\",\"BAND\":\"Y\",\"TILENAME\":\"DES2217-4440\",\"IMAGENAME\":\"DES2217-4440_Y.fits\",\"RADECEQUIN\":0.0,\"HTMID\":0,\"CX\":0.6414952049,\"CY\":-0.307085512,\"CZ\":-0.702981074,\"WCSTYPE\":null,\"WCSDIM\":0,\"EQUINOX\":2000.0,\"CTYPE1\":\"RA---TAN\",\"CTYPE2\":\"DEC--TAN\",\"CUNIT1\":\"deg\",\"CUNIT2\":\"deg\",\"CRVAL1\":334.419434,\"CRVAL2\":-44.666668,\"CRPIX1\":5000.5,\"CRPIX2\":5000.5,\"CD1_1\":-0.000075,\"CD2_1\":0.0,\"CD1_2\":0.0,\"CD2_2\":0.000075,\"NAXIS1\":10000,\"NAXIS2\":10000,\"NEXTEND\":0,\"ELLIPTICITY\":0.0,\"PROJECT\":\"DES\",\"RA\":334.41949,\"DEC\":-44.66671,\"COADD_TYPE\":\"coadd\",\"COMBINET\":\"WEIGHTED\",\"GAIN\":0.0,\"SATURATE\":58216.45703125,\"EXPTIME\":480.0,\"SEXMGZPT\":29.4499206543,\"PSF_FWHM\":3.0630400181,\"PSF_BETA\":3.5,\"FWHMHOMO\":1},{\"ID\":404268240,\"RUN\":\"20110920120110_DES2217-4440\",\"BAND\":\"g\",\"TILENAME\":\"DES2217-4440\",\"IMAGENAME\":\"DES2217-4440_g.fits\",\"RADECEQUIN\":0.0,\"HTMID\":0,\"CX\":0.6414952049,\"CY\":-0.307085512,\"CZ\":-0.702981074,\"WCSTYPE\":null,\"WCSDIM\":0,\"EQUINOX\":2000.0,\"CTYPE1\":\"RA---TAN\",\"CTYPE2\":\"DEC--TAN\",\"CUNIT1\":\"deg\",\"CUNIT2\":\"deg\",\"CRVAL1\":334.419434,\"CRVAL2\":-44.666668,\"CRPIX1\":5000.5,\"CRPIX2\":5000.5,\"CD1_1\":-0.000075,\"CD2_1\":0.0,\"CD1_2\":0.0,\"CD2_2\":0.000075,\"NAXIS1\":10000,\"NAXIS2\":10000,\"NEXTEND\":0,\"ELLIPTICITY\":0.0,\"PROJECT\":\"DES\",\"RA\":334.41949,\"DEC\":-44.66671,\"COADD_TYPE\":\"coadd\",\"COMBINET\":\"WEIGHTED\",\"GAIN\":0.0,\"SATURATE\":58589.88671875,\"EXPTIME\":1288.0,\"SEXMGZPT\":30.9341201782,\"PSF_FWHM\":3.467040062,\"PSF_BETA\":3.5,\"FWHMHOMO\":1}]", "sizes": null, "user": "demo_user"}