{"user": "demo_user", "data": "[{\"COADD_OBJECT_ID\":139898075,\"DEC\":2.483313,\"RA\":0.210546,\"TILENAME\":\"DES0000+0209\",\"HPIX_4096\":79719134,\"HPIX_16384\":1275506156,\"FRAC_DET_GRIZ\":1.0,\"FRAC_DET_GRIZY\":1.0,\"N_IMAGES_G\":4,\"N_IMAGES_R\":4,\"N_IMAGES_I\":4,\"N_IMAGES_Z\":4,\"N_IMAGES_Y\":5,\"FLAG_FOOTPRINT\":1,\"FLAG_FOREGROUND\":0,\"FLAG_GOLD\":0,\"EXT_COADD\":3,\"EXT_MASH\":3,\"EXT_MOF\":3,\"EXT_WAVG\":3,\"BPZ_Z_MEAN\":1.3712878468,\"BPZ_Z_MC\":1.1528616413,\"BPZ_Z_SIGMA\":0.3142203657,\"BPZ_Z_SIGMA68\":0.3199796742,\"BPZ_Z_MODE\":1.17,\"BPZ_MOF_MASK\":0,\"BPZ_TEMPLATE_ID\":13,\"QSIP_FRACDET_Z\":1.0,\"QSIP_MAGLIMIT_Z\":22.8456745148,\"QSIP_FWHM_Z\":2.9689269066,\"QSIP_AIRMASS_Z\":1.2297614813,\"MAG_LIMIT_G\":24.3111991882,\"MAG_LIMIT_R\":23.9305000305,\"MAG_LIMIT_I\":23.4568004608,\"MAG_LIMIT_Z\":22.8449993134,\"MAG_LIMIT_Y\":21.6275997162},{\"COADD_OBJECT_ID\":139898106,\"DEC\":2.482627,\"RA\":359.871386,\"TILENAME\":\"DES0000+0209\",\"HPIX_4096\":79730141,\"HPIX_16384\":1275682266,\"FRAC_DET_GRIZ\":1.0,\"FRAC_DET_GRIZY\":1.0,\"N_IMAGES_G\":2,\"N_IMAGES_R\":3,\"N_IMAGES_I\":3,\"N_IMAGES_Z\":3,\"N_IMAGES_Y\":4,\"FLAG_FOOTPRINT\":1,\"FLAG_FOREGROUND\":0,\"FLAG_GOLD\":0,\"EXT_COADD\":2,\"EXT_MASH\":3,\"EXT_MOF\":3,\"EXT_WAVG\":-9,\"BPZ_Z_MEAN\":1.4303863164,\"BPZ_Z_MC\":0.5716000401,\"BPZ_Z_SIGMA\":0.8507505299,\"BPZ_Z_SIGMA68\":0.9801610388,\"BPZ_Z_MODE\":0.37,\"BPZ_MOF_MASK\":0,\"BPZ_TEMPLATE_ID\":45,\"QSIP_FRACDET_Z\":1.0,\"QSIP_MAGLIMIT_Z\":22.6011142731,\"QSIP_FWHM_Z\":3.0342624187,\"QSIP_AIRMASS_Z\":1.2554072142,\"MAG_LIMIT_G\":24.039899826,\"MAG_LIMIT_R\":23.7520008087,\"MAG_LIMIT_I\":23.2569999695,\"MAG_LIMIT_Z\":22.6000995636,\"MAG_LIMIT_Y\":21.5314998627},{\"COADD_OBJECT_ID\":139898161,\"DEC\":2.481732,\"RA\":0.308401,\"TILENAME\":\"DES0000+0209\",\"HPIX_4096\":79719213,\"HPIX_16384\":1275507418,\"FRAC_DET_GRIZ\":1.0,\"FRAC_DET_GRIZY\":1.0,\"N_IMAGES_G\":2,\"N_IMAGES_R\":4,\"N_IMAGES_I\":3,\"N_IMAGES_Z\":3,\"N_IMAGES_Y\":3,\"FLAG_FOOTPRINT\":1,\"FLAG_FOREGROUND\":0,\"FLAG_GOLD\":0,\"EXT_COADD\":0,\"EXT_MASH\":0,\"EXT_MOF\":0,\"EXT_WAVG\":0,\"BPZ_Z_MEAN\":0.853995878,\"BPZ_Z_MC\":0.9342458324,\"BPZ_Z_SIGMA\":0.0379371805,\"BPZ_Z_SIGMA68\":0.0386668335,\"BPZ_Z_MODE\":0.86,\"BPZ_MOF_MASK\":0,\"BPZ_TEMPLATE_ID\":3,\"QSIP_FRACDET_Z\":1.0,\"QSIP_MAGLIMIT_Z\":22.7738323212,\"QSIP_FWHM_Z\":2.9753391743,\"QSIP_AIRMASS_Z\":1.2074967623,\"MAG_LIMIT_G\":23.9722003937,\"MAG_LIMIT_R\":23.9095001221,\"MAG_LIMIT_I\":23.3738994598,\"MAG_LIMIT_Z\":22.7719993591,\"MAG_LIMIT_Y\":21.3017997742},{\"COADD_OBJECT_ID\":139929724,\"DEC\":1.909055,\"RA\":359.732258,\"TILENAME\":\"DES0000+0209\",\"HPIX_4096\":79706956,\"HPIX_16384\":1275311304,\"FRAC_DET_GRIZ\":1.0,\"FRAC_DET_GRIZY\":1.0,\"N_IMAGES_G\":3,\"N_IMAGES_R\":2,\"N_IMAGES_I\":2,\"N_IMAGES_Z\":2,\"N_IMAGES_Y\":3,\"FLAG_FOOTPRINT\":1,\"FLAG_FOREGROUND\":0,\"FLAG_GOLD\":0,\"EXT_COADD\":3,\"EXT_MASH\":3,\"EXT_MOF\":3,\"EXT_WAVG\":3,\"BPZ_Z_MEAN\":0.4550111315,\"BPZ_Z_MC\":0.418909946,\"BPZ_Z_SIGMA\":0.0431615461,\"BPZ_Z_SIGMA68\":0.0424577578,\"BPZ_Z_MODE\":0.45,\"BPZ_MOF_MASK\":0,\"BPZ_TEMPLATE_ID\":4,\"QSIP_FRACDET_Z\":1.0,\"QSIP_MAGLIMIT_Z\":22.6350002289,\"QSIP_FWHM_Z\":2.7133612633,\"QSIP_AIRMASS_Z\":1.1986627579,\"MAG_LIMIT_G\":24.2080993652,\"MAG_LIMIT_R\":23.67029953,\"MAG_LIMIT_I\":23.2024993896,\"MAG_LIMIT_Z\":22.6420001984,\"MAG_LIMIT_Y\":21.3910999298},{\"COADD_OBJECT_ID\":139904954,\"DEC\":2.354775,\"RA\":0.180579,\"TILENAME\":\"DES0000+0209\",\"HPIX_4096\":79718972,\"HPIX_16384\":1275503553,\"FRAC_DET_GRIZ\":1.0,\"FRAC_DET_GRIZY\":1.0,\"N_IMAGES_G\":4,\"N_IMAGES_R\":4,\"N_IMAGES_I\":4,\"N_IMAGES_Z\":4,\"N_IMAGES_Y\":5,\"FLAG_FOOTPRINT\":1,\"FLAG_FOREGROUND\":0,\"FLAG_GOLD\":0,\"EXT_COADD\":3,\"EXT_MASH\":3,\"EXT_MOF\":3,\"EXT_WAVG\":-9,\"BPZ_Z_MEAN\":1.8047734733,\"BPZ_Z_MC\":2.6676552406,\"BPZ_Z_SIGMA\":0.4069473503,\"BPZ_Z_SIGMA68\":0.3155562962,\"BPZ_Z_MODE\":1.71,\"BPZ_MOF_MASK\":0,\"BPZ_TEMPLATE_ID\":45,\"QSIP_FRACDET_Z\":1.0,\"QSIP_MAGLIMIT_Z\":22.8287239075,\"QSIP_FWHM_Z\":2.922811985,\"QSIP_AIRMASS_Z\":1.2309103012,\"MAG_LIMIT_G\":24.2908000946,\"MAG_LIMIT_R\":23.8812999725,\"MAG_LIMIT_I\":23.3936004639,\"MAG_LIMIT_Z\":22.8307991028,\"MAG_LIMIT_Y\":21.6005001068},{\"COADD_OBJECT_ID\":139904972,\"DEC\":2.352539,\"RA\":0.053918,\"TILENAME\":\"DES0000+0209\",\"HPIX_4096\":79719050,\"HPIX_16384\":1275504812,\"FRAC_DET_GRIZ\":1.0,\"FRAC_DET_GRIZY\":1.0,\"N_IMAGES_G\":4,\"N_IMAGES_R\":4,\"N_IMAGES_I\":4,\"N_IMAGES_Z\":4,\"N_IMAGES_Y\":5,\"FLAG_FOOTPRINT\":1,\"FLAG_FOREGROUND\":0,\"FLAG_GOLD\":0,\"EXT_COADD\":3,\"EXT_MASH\":3,\"EXT_MOF\":3,\"EXT_WAVG\":3,\"BPZ_Z_MEAN\":0.4025632012,\"BPZ_Z_MC\":0.3646554422,\"BPZ_Z_SIGMA\":0.0438821318,\"BPZ_Z_SIGMA68\":0.038787602,\"BPZ_Z_MODE\":0.4,\"BPZ_MOF_MASK\":0,\"BPZ_TEMPLATE_ID\":17,\"QSIP_FRACDET_Z\":1.0,\"QSIP_MAGLIMIT_Z\":22.8259849548,\"QSIP_FWHM_Z\":2.8952350616,\"QSIP_AIRMASS_Z\":1.2309099436,\"MAG_LIMIT_G\":24.2919006348,\"MAG_LIMIT_R\":23.8533000946,\"MAG_LIMIT_I\":23.4111995697,\"MAG_LIMIT_Z\":22.8234004974,\"MAG_LIMIT_Y\":21.6039009094},{\"COADD_OBJECT_ID\":139905013,\"DEC\":2.353701,\"RA\":0.159635,\"TILENAME\":\"DES0000+0209\",\"HPIX_4096\":79718969,\"HPIX_16384\":1275503515,\"FRAC_DET_GRIZ\":1.0,\"FRAC_DET_GRIZY\":1.0,\"N_IMAGES_G\":4,\"N_IMAGES_R\":3,\"N_IMAGES_I\":3,\"N_IMAGES_Z\":3,\"N_IMAGES_Y\":4,\"FLAG_FOOTPRINT\":1,\"FLAG_FOREGROUND\":0,\"FLAG_GOLD\":0,\"EXT_COADD\":3,\"EXT_MASH\":3,\"EXT_MOF\":3,\"EXT_WAVG\":3,\"BPZ_Z_MEAN\":0.4104052111,\"BPZ_Z_MC\":0.2258509715,\"BPZ_Z_SIGMA\":0.1723053684,\"BPZ_Z_SIGMA68\":0.1697443662,\"BPZ_Z_MODE\":0.27,\"BPZ_MOF_MASK\":0,\"BPZ_TEMPLATE_ID\":42,\"QSIP_FRACDET_Z\":1.0,\"QSIP_MAGLIMIT_Z\":22.7543525696,\"QSIP_FWHM_Z\":2.90325737,\"QSIP_AIRMASS_Z\":1.2340143919,\"MAG_LIMIT_G\":24.2910003662,\"MAG_LIMIT_R\":23.775800705,\"MAG_LIMIT_I\":23.3481998444,\"MAG_LIMIT_Z\":22.7590999603,\"MAG_LIMIT_Y\":21.5384998322},{\"COADD_OBJECT_ID\":139905078,\"DEC\":2.352611,\"RA\":0.016788,\"TILENAME\":\"DES0000+0209\",\"HPIX_4096\":79708150,\"HPIX_16384\":1275330407,\"FRAC_DET_GRIZ\":1.0,\"FRAC_DET_GRIZY\":1.0,\"N_IMAGES_G\":4,\"N_IMAGES_R\":4,\"N_IMAGES_I\":4,\"N_IMAGES_Z\":4,\"N_IMAGES_Y\":4,\"FLAG_FOOTPRINT\":1,\"FLAG_FOREGROUND\":0,\"FLAG_GOLD\":0,\"EXT_COADD\":2,\"EXT_MASH\":3,\"EXT_MOF\":3,\"EXT_WAVG\":2,\"BPZ_Z_MEAN\":0.4987923064,\"BPZ_Z_MC\":0.4597122104,\"BPZ_Z_SIGMA\":0.3798011582,\"BPZ_Z_SIGMA68\":0.1135101883,\"BPZ_Z_MODE\":0.43,\"BPZ_MOF_MASK\":0,\"BPZ_TEMPLATE_ID\":28,\"QSIP_FRACDET_Z\":1.0,\"QSIP_MAGLIMIT_Z\":22.7811870575,\"QSIP_FWHM_Z\":2.8867373466,\"QSIP_AIRMASS_Z\":1.2171263695,\"MAG_LIMIT_G\":24.2021007538,\"MAG_LIMIT_R\":23.8631000519,\"MAG_LIMIT_I\":23.3847999573,\"MAG_LIMIT_Z\":22.7840003967,\"MAG_LIMIT_Y\":21.5083999634},{\"COADD_OBJECT_ID\":139905140,\"DEC\":2.341652,\"RA\":0.112275,\"TILENAME\":\"DES0000+0209\",\"HPIX_4096\":79719044,\"HPIX_16384\":1275504710,\"FRAC_DET_GRIZ\":0.890625,\"FRAC_DET_GRIZY\":0.890625,\"N_IMAGES_G\":2,\"N_IMAGES_R\":2,\"N_IMAGES_I\":2,\"N_IMAGES_Z\":2,\"N_IMAGES_Y\":3,\"FLAG_FOOTPRINT\":1,\"FLAG_FOREGROUND\":0,\"FLAG_GOLD\":7,\"EXT_COADD\":3,\"EXT_MASH\":3,\"EXT_MOF\":-9,\"EXT_WAVG\":-9,\"BPZ_Z_MEAN\":1.3782582432,\"BPZ_Z_MC\":1.3760919505,\"BPZ_Z_SIGMA\":0.0043759821,\"BPZ_Z_SIGMA68\":0.5477230735,\"BPZ_Z_MODE\":1.38,\"BPZ_MOF_MASK\":1,\"BPZ_TEMPLATE_ID\":26,\"QSIP_FRACDET_Z\":1.0,\"QSIP_MAGLIMIT_Z\":22.5055198669,\"QSIP_FWHM_Z\":3.0629107952,\"QSIP_AIRMASS_Z\":1.2605600357,\"MAG_LIMIT_G\":24.0881004333,\"MAG_LIMIT_R\":23.5641002655,\"MAG_LIMIT_I\":23.1529006958,\"MAG_LIMIT_Z\":22.5051002502,\"MAG_LIMIT_Y\":21.4363994598},{\"COADD_OBJECT_ID\":139905160,\"DEC\":2.351309,\"RA\":359.705031,\"TILENAME\":\"DES0000+0209\",\"HPIX_4096\":79730058,\"HPIX_16384\":1275680934,\"FRAC_DET_GRIZ\":1.0,\"FRAC_DET_GRIZY\":1.0,\"N_IMAGES_G\":2,\"N_IMAGES_R\":3,\"N_IMAGES_I\":3,\"N_IMAGES_Z\":3,\"N_IMAGES_Y\":3,\"FLAG_FOOTPRINT\":1,\"FLAG_FOREGROUND\":0,\"FLAG_GOLD\":0,\"EXT_COADD\":3,\"EXT_MASH\":3,\"EXT_MOF\":3,\"EXT_WAVG\":-9,\"BPZ_Z_MEAN\":1.2031636128,